"time_id";"the_date";"the_day";"the_month";"the_year";"day_of_month";"week_of_year";"month_of_year";"quarter";"year_and_month";"year_quarter"
367;"1997-01-01";"Wednesday";"January";1997;1;2;1;"Q1";"1997-01";"1997-Q1"
368;"1997-01-02";"Thursday";"January";1997;2;2;1;"Q1";"1997-01";"1997-Q1"
369;"1997-01-03";"Friday";"January";1997;3;2;1;"Q1";"1997-01";"1997-Q1"
370;"1997-01-04";"Saturday";"January";1997;4;2;1;"Q1";"1997-01";"1997-Q1"
371;"1997-01-05";"Sunday";"January";1997;5;3;1;"Q1";"1997-01";"1997-Q1"
372;"1997-01-06";"Monday";"January";1997;6;3;1;"Q1";"1997-01";"1997-Q1"
373;"1997-01-07";"Tuesday";"January";1997;7;3;1;"Q1";"1997-01";"1997-Q1"
374;"1997-01-08";"Wednesday";"January";1997;8;3;1;"Q1";"1997-01";"1997-Q1"
375;"1997-01-09";"Thursday";"January";1997;9;3;1;"Q1";"1997-01";"1997-Q1"
376;"1997-01-10";"Friday";"January";1997;10;3;1;"Q1";"1997-01";"1997-Q1"
377;"1997-01-11";"Saturday";"January";1997;11;3;1;"Q1";"1997-01";"1997-Q1"
378;"1997-01-12";"Sunday";"January";1997;12;4;1;"Q1";"1997-01";"1997-Q1"
379;"1997-01-13";"Monday";"January";1997;13;4;1;"Q1";"1997-01";"1997-Q1"
380;"1997-01-14";"Tuesday";"January";1997;14;4;1;"Q1";"1997-01";"1997-Q1"
381;"1997-01-15";"Wednesday";"January";1997;15;4;1;"Q1";"1997-01";"1997-Q1"
382;"1997-01-16";"Thursday";"January";1997;16;4;1;"Q1";"1997-01";"1997-Q1"
383;"1997-01-17";"Friday";"January";1997;17;4;1;"Q1";"1997-01";"1997-Q1"
384;"1997-01-18";"Saturday";"January";1997;18;4;1;"Q1";"1997-01";"1997-Q1"
385;"1997-01-19";"Sunday";"January";1997;19;5;1;"Q1";"1997-01";"1997-Q1"
386;"1997-01-20";"Monday";"January";1997;20;5;1;"Q1";"1997-01";"1997-Q1"
387;"1997-01-21";"Tuesday";"January";1997;21;5;1;"Q1";"1997-01";"1997-Q1"
388;"1997-01-22";"Wednesday";"January";1997;22;5;1;"Q1";"1997-01";"1997-Q1"
389;"1997-01-23";"Thursday";"January";1997;23;5;1;"Q1";"1997-01";"1997-Q1"
390;"1997-01-24";"Friday";"January";1997;24;5;1;"Q1";"1997-01";"1997-Q1"
391;"1997-01-25";"Saturday";"January";1997;25;5;1;"Q1";"1997-01";"1997-Q1"
392;"1997-01-26";"Sunday";"January";1997;26;6;1;"Q1";"1997-01";"1997-Q1"
393;"1997-01-27";"Monday";"January";1997;27;6;1;"Q1";"1997-01";"1997-Q1"
394;"1997-01-28";"Tuesday";"January";1997;28;6;1;"Q1";"1997-01";"1997-Q1"
395;"1997-01-29";"Wednesday";"January";1997;29;6;1;"Q1";"1997-01";"1997-Q1"
396;"1997-01-30";"Thursday";"January";1997;30;6;1;"Q1";"1997-01";"1997-Q1"
397;"1997-01-31";"Friday";"January";1997;31;6;1;"Q1";"1997-01";"1997-Q1"
398;"1997-02-01";"Saturday";"February";1997;1;6;2;"Q1";"1997-02";"1997-Q1"
399;"1997-02-02";"Sunday";"February";1997;2;7;2;"Q1";"1997-02";"1997-Q1"
400;"1997-02-03";"Monday";"February";1997;3;7;2;"Q1";"1997-02";"1997-Q1"
401;"1997-02-04";"Tuesday";"February";1997;4;7;2;"Q1";"1997-02";"1997-Q1"
402;"1997-02-05";"Wednesday";"February";1997;5;7;2;"Q1";"1997-02";"1997-Q1"
403;"1997-02-06";"Thursday";"February";1997;6;7;2;"Q1";"1997-02";"1997-Q1"
404;"1997-02-07";"Friday";"February";1997;7;7;2;"Q1";"1997-02";"1997-Q1"
405;"1997-02-08";"Saturday";"February";1997;8;7;2;"Q1";"1997-02";"1997-Q1"
406;"1997-02-09";"Sunday";"February";1997;9;8;2;"Q1";"1997-02";"1997-Q1"
407;"1997-02-10";"Monday";"February";1997;10;8;2;"Q1";"1997-02";"1997-Q1"
408;"1997-02-11";"Tuesday";"February";1997;11;8;2;"Q1";"1997-02";"1997-Q1"
409;"1997-02-12";"Wednesday";"February";1997;12;8;2;"Q1";"1997-02";"1997-Q1"
410;"1997-02-13";"Thursday";"February";1997;13;8;2;"Q1";"1997-02";"1997-Q1"
411;"1997-02-14";"Friday";"February";1997;14;8;2;"Q1";"1997-02";"1997-Q1"
412;"1997-02-15";"Saturday";"February";1997;15;8;2;"Q1";"1997-02";"1997-Q1"
413;"1997-02-16";"Sunday";"February";1997;16;9;2;"Q1";"1997-02";"1997-Q1"
414;"1997-02-17";"Monday";"February";1997;17;9;2;"Q1";"1997-02";"1997-Q1"
415;"1997-02-18";"Tuesday";"February";1997;18;9;2;"Q1";"1997-02";"1997-Q1"
416;"1997-02-19";"Wednesday";"February";1997;19;9;2;"Q1";"1997-02";"1997-Q1"
417;"1997-02-20";"Thursday";"February";1997;20;9;2;"Q1";"1997-02";"1997-Q1"
418;"1997-02-21";"Friday";"February";1997;21;9;2;"Q1";"1997-02";"1997-Q1"
419;"1997-02-22";"Saturday";"February";1997;22;9;2;"Q1";"1997-02";"1997-Q1"
420;"1997-02-23";"Sunday";"February";1997;23;10;2;"Q1";"1997-02";"1997-Q1"
421;"1997-02-24";"Monday";"February";1997;24;10;2;"Q1";"1997-02";"1997-Q1"
422;"1997-02-25";"Tuesday";"February";1997;25;10;2;"Q1";"1997-02";"1997-Q1"
423;"1997-02-26";"Wednesday";"February";1997;26;10;2;"Q1";"1997-02";"1997-Q1"
424;"1997-02-27";"Thursday";"February";1997;27;10;2;"Q1";"1997-02";"1997-Q1"
425;"1997-02-28";"Friday";"February";1997;28;10;2;"Q1";"1997-02";"1997-Q1"
426;"1997-03-01";"Saturday";"March";1997;1;10;3;"Q1";"1997-03";"1997-Q1"
427;"1997-03-02";"Sunday";"March";1997;2;11;3;"Q1";"1997-03";"1997-Q1"
428;"1997-03-03";"Monday";"March";1997;3;11;3;"Q1";"1997-03";"1997-Q1"
429;"1997-03-04";"Tuesday";"March";1997;4;11;3;"Q1";"1997-03";"1997-Q1"
430;"1997-03-05";"Wednesday";"March";1997;5;11;3;"Q1";"1997-03";"1997-Q1"
431;"1997-03-06";"Thursday";"March";1997;6;11;3;"Q1";"1997-03";"1997-Q1"
432;"1997-03-07";"Friday";"March";1997;7;11;3;"Q1";"1997-03";"1997-Q1"
433;"1997-03-08";"Saturday";"March";1997;8;11;3;"Q1";"1997-03";"1997-Q1"
434;"1997-03-09";"Sunday";"March";1997;9;12;3;"Q1";"1997-03";"1997-Q1"
435;"1997-03-10";"Monday";"March";1997;10;12;3;"Q1";"1997-03";"1997-Q1"
436;"1997-03-11";"Tuesday";"March";1997;11;12;3;"Q1";"1997-03";"1997-Q1"
437;"1997-03-12";"Wednesday";"March";1997;12;12;3;"Q1";"1997-03";"1997-Q1"
438;"1997-03-13";"Thursday";"March";1997;13;12;3;"Q1";"1997-03";"1997-Q1"
439;"1997-03-14";"Friday";"March";1997;14;12;3;"Q1";"1997-03";"1997-Q1"
440;"1997-03-15";"Saturday";"March";1997;15;12;3;"Q1";"1997-03";"1997-Q1"
441;"1997-03-16";"Sunday";"March";1997;16;13;3;"Q1";"1997-03";"1997-Q1"
442;"1997-03-17";"Monday";"March";1997;17;13;3;"Q1";"1997-03";"1997-Q1"
443;"1997-03-18";"Tuesday";"March";1997;18;13;3;"Q1";"1997-03";"1997-Q1"
444;"1997-03-19";"Wednesday";"March";1997;19;13;3;"Q1";"1997-03";"1997-Q1"
445;"1997-03-20";"Thursday";"March";1997;20;13;3;"Q1";"1997-03";"1997-Q1"
446;"1997-03-21";"Friday";"March";1997;21;13;3;"Q1";"1997-03";"1997-Q1"
447;"1997-03-22";"Saturday";"March";1997;22;13;3;"Q1";"1997-03";"1997-Q1"
448;"1997-03-23";"Sunday";"March";1997;23;14;3;"Q1";"1997-03";"1997-Q1"
449;"1997-03-24";"Monday";"March";1997;24;14;3;"Q1";"1997-03";"1997-Q1"
450;"1997-03-25";"Tuesday";"March";1997;25;14;3;"Q1";"1997-03";"1997-Q1"
451;"1997-03-26";"Wednesday";"March";1997;26;14;3;"Q1";"1997-03";"1997-Q1"
452;"1997-03-27";"Thursday";"March";1997;27;14;3;"Q1";"1997-03";"1997-Q1"
453;"1997-03-28";"Friday";"March";1997;28;14;3;"Q1";"1997-03";"1997-Q1"
454;"1997-03-29";"Saturday";"March";1997;29;14;3;"Q1";"1997-03";"1997-Q1"
455;"1997-03-30";"Sunday";"March";1997;30;15;3;"Q1";"1997-03";"1997-Q1"
456;"1997-03-31";"Monday";"March";1997;31;15;3;"Q1";"1997-03";"1997-Q1"
457;"1997-04-01";"Tuesday";"April";1997;1;15;4;"Q2";"1997-04";"1997-Q2"
458;"1997-04-02";"Wednesday";"April";1997;2;15;4;"Q2";"1997-04";"1997-Q2"
459;"1997-04-03";"Thursday";"April";1997;3;15;4;"Q2";"1997-04";"1997-Q2"
460;"1997-04-04";"Friday";"April";1997;4;15;4;"Q2";"1997-04";"1997-Q2"
461;"1997-04-05";"Saturday";"April";1997;5;15;4;"Q2";"1997-04";"1997-Q2"
462;"1997-04-06";"Sunday";"April";1997;6;16;4;"Q2";"1997-04";"1997-Q2"
463;"1997-04-07";"Monday";"April";1997;7;16;4;"Q2";"1997-04";"1997-Q2"
464;"1997-04-08";"Tuesday";"April";1997;8;16;4;"Q2";"1997-04";"1997-Q2"
465;"1997-04-09";"Wednesday";"April";1997;9;16;4;"Q2";"1997-04";"1997-Q2"
466;"1997-04-10";"Thursday";"April";1997;10;16;4;"Q2";"1997-04";"1997-Q2"
467;"1997-04-11";"Friday";"April";1997;11;16;4;"Q2";"1997-04";"1997-Q2"
468;"1997-04-12";"Saturday";"April";1997;12;16;4;"Q2";"1997-04";"1997-Q2"
469;"1997-04-13";"Sunday";"April";1997;13;17;4;"Q2";"1997-04";"1997-Q2"
470;"1997-04-14";"Monday";"April";1997;14;17;4;"Q2";"1997-04";"1997-Q2"
471;"1997-04-15";"Tuesday";"April";1997;15;17;4;"Q2";"1997-04";"1997-Q2"
472;"1997-04-16";"Wednesday";"April";1997;16;17;4;"Q2";"1997-04";"1997-Q2"
473;"1997-04-17";"Thursday";"April";1997;17;17;4;"Q2";"1997-04";"1997-Q2"
474;"1997-04-18";"Friday";"April";1997;18;17;4;"Q2";"1997-04";"1997-Q2"
475;"1997-04-19";"Saturday";"April";1997;19;17;4;"Q2";"1997-04";"1997-Q2"
476;"1997-04-20";"Sunday";"April";1997;20;18;4;"Q2";"1997-04";"1997-Q2"
477;"1997-04-21";"Monday";"April";1997;21;18;4;"Q2";"1997-04";"1997-Q2"
478;"1997-04-22";"Tuesday";"April";1997;22;18;4;"Q2";"1997-04";"1997-Q2"
479;"1997-04-23";"Wednesday";"April";1997;23;18;4;"Q2";"1997-04";"1997-Q2"
480;"1997-04-24";"Thursday";"April";1997;24;18;4;"Q2";"1997-04";"1997-Q2"
481;"1997-04-25";"Friday";"April";1997;25;18;4;"Q2";"1997-04";"1997-Q2"
482;"1997-04-26";"Saturday";"April";1997;26;18;4;"Q2";"1997-04";"1997-Q2"
483;"1997-04-27";"Sunday";"April";1997;27;19;4;"Q2";"1997-04";"1997-Q2"
484;"1997-04-28";"Monday";"April";1997;28;19;4;"Q2";"1997-04";"1997-Q2"
485;"1997-04-29";"Tuesday";"April";1997;29;19;4;"Q2";"1997-04";"1997-Q2"
486;"1997-04-30";"Wednesday";"April";1997;30;19;4;"Q2";"1997-04";"1997-Q2"
487;"1997-05-01";"Thursday";"May";1997;1;19;5;"Q2";"1997-05";"1997-Q2"
488;"1997-05-02";"Friday";"May";1997;2;19;5;"Q2";"1997-05";"1997-Q2"
489;"1997-05-03";"Saturday";"May";1997;3;19;5;"Q2";"1997-05";"1997-Q2"
490;"1997-05-04";"Sunday";"May";1997;4;20;5;"Q2";"1997-05";"1997-Q2"
491;"1997-05-05";"Monday";"May";1997;5;20;5;"Q2";"1997-05";"1997-Q2"
492;"1997-05-06";"Tuesday";"May";1997;6;20;5;"Q2";"1997-05";"1997-Q2"
493;"1997-05-07";"Wednesday";"May";1997;7;20;5;"Q2";"1997-05";"1997-Q2"
494;"1997-05-08";"Thursday";"May";1997;8;20;5;"Q2";"1997-05";"1997-Q2"
495;"1997-05-09";"Friday";"May";1997;9;20;5;"Q2";"1997-05";"1997-Q2"
496;"1997-05-10";"Saturday";"May";1997;10;20;5;"Q2";"1997-05";"1997-Q2"
497;"1997-05-11";"Sunday";"May";1997;11;21;5;"Q2";"1997-05";"1997-Q2"
498;"1997-05-12";"Monday";"May";1997;12;21;5;"Q2";"1997-05";"1997-Q2"
499;"1997-05-13";"Tuesday";"May";1997;13;21;5;"Q2";"1997-05";"1997-Q2"
500;"1997-05-14";"Wednesday";"May";1997;14;21;5;"Q2";"1997-05";"1997-Q2"
501;"1997-05-15";"Thursday";"May";1997;15;21;5;"Q2";"1997-05";"1997-Q2"
502;"1997-05-16";"Friday";"May";1997;16;21;5;"Q2";"1997-05";"1997-Q2"
503;"1997-05-17";"Saturday";"May";1997;17;21;5;"Q2";"1997-05";"1997-Q2"
504;"1997-05-18";"Sunday";"May";1997;18;22;5;"Q2";"1997-05";"1997-Q2"
505;"1997-05-19";"Monday";"May";1997;19;22;5;"Q2";"1997-05";"1997-Q2"
506;"1997-05-20";"Tuesday";"May";1997;20;22;5;"Q2";"1997-05";"1997-Q2"
507;"1997-05-21";"Wednesday";"May";1997;21;22;5;"Q2";"1997-05";"1997-Q2"
508;"1997-05-22";"Thursday";"May";1997;22;22;5;"Q2";"1997-05";"1997-Q2"
509;"1997-05-23";"Friday";"May";1997;23;22;5;"Q2";"1997-05";"1997-Q2"
510;"1997-05-24";"Saturday";"May";1997;24;22;5;"Q2";"1997-05";"1997-Q2"
511;"1997-05-25";"Sunday";"May";1997;25;23;5;"Q2";"1997-05";"1997-Q2"
512;"1997-05-26";"Monday";"May";1997;26;23;5;"Q2";"1997-05";"1997-Q2"
513;"1997-05-27";"Tuesday";"May";1997;27;23;5;"Q2";"1997-05";"1997-Q2"
514;"1997-05-28";"Wednesday";"May";1997;28;23;5;"Q2";"1997-05";"1997-Q2"
515;"1997-05-29";"Thursday";"May";1997;29;23;5;"Q2";"1997-05";"1997-Q2"
516;"1997-05-30";"Friday";"May";1997;30;23;5;"Q2";"1997-05";"1997-Q2"
517;"1997-05-31";"Saturday";"May";1997;31;23;5;"Q2";"1997-05";"1997-Q2"
518;"1997-06-01";"Sunday";"June";1997;1;24;6;"Q2";"1997-06";"1997-Q2"
519;"1997-06-02";"Monday";"June";1997;2;24;6;"Q2";"1997-06";"1997-Q2"
520;"1997-06-03";"Tuesday";"June";1997;3;24;6;"Q2";"1997-06";"1997-Q2"
521;"1997-06-04";"Wednesday";"June";1997;4;24;6;"Q2";"1997-06";"1997-Q2"
522;"1997-06-05";"Thursday";"June";1997;5;24;6;"Q2";"1997-06";"1997-Q2"
523;"1997-06-06";"Friday";"June";1997;6;24;6;"Q2";"1997-06";"1997-Q2"
524;"1997-06-07";"Saturday";"June";1997;7;24;6;"Q2";"1997-06";"1997-Q2"
525;"1997-06-08";"Sunday";"June";1997;8;25;6;"Q2";"1997-06";"1997-Q2"
526;"1997-06-09";"Monday";"June";1997;9;25;6;"Q2";"1997-06";"1997-Q2"
527;"1997-06-10";"Tuesday";"June";1997;10;25;6;"Q2";"1997-06";"1997-Q2"
528;"1997-06-11";"Wednesday";"June";1997;11;25;6;"Q2";"1997-06";"1997-Q2"
529;"1997-06-12";"Thursday";"June";1997;12;25;6;"Q2";"1997-06";"1997-Q2"
530;"1997-06-13";"Friday";"June";1997;13;25;6;"Q2";"1997-06";"1997-Q2"
531;"1997-06-14";"Saturday";"June";1997;14;25;6;"Q2";"1997-06";"1997-Q2"
532;"1997-06-15";"Sunday";"June";1997;15;26;6;"Q2";"1997-06";"1997-Q2"
533;"1997-06-16";"Monday";"June";1997;16;26;6;"Q2";"1997-06";"1997-Q2"
534;"1997-06-17";"Tuesday";"June";1997;17;26;6;"Q2";"1997-06";"1997-Q2"
535;"1997-06-18";"Wednesday";"June";1997;18;26;6;"Q2";"1997-06";"1997-Q2"
536;"1997-06-19";"Thursday";"June";1997;19;26;6;"Q2";"1997-06";"1997-Q2"
537;"1997-06-20";"Friday";"June";1997;20;26;6;"Q2";"1997-06";"1997-Q2"
538;"1997-06-21";"Saturday";"June";1997;21;26;6;"Q2";"1997-06";"1997-Q2"
539;"1997-06-22";"Sunday";"June";1997;22;27;6;"Q2";"1997-06";"1997-Q2"
540;"1997-06-23";"Monday";"June";1997;23;27;6;"Q2";"1997-06";"1997-Q2"
541;"1997-06-24";"Tuesday";"June";1997;24;27;6;"Q2";"1997-06";"1997-Q2"
542;"1997-06-25";"Wednesday";"June";1997;25;27;6;"Q2";"1997-06";"1997-Q2"
543;"1997-06-26";"Thursday";"June";1997;26;27;6;"Q2";"1997-06";"1997-Q2"
544;"1997-06-27";"Friday";"June";1997;27;27;6;"Q2";"1997-06";"1997-Q2"
545;"1997-06-28";"Saturday";"June";1997;28;27;6;"Q2";"1997-06";"1997-Q2"
546;"1997-06-29";"Sunday";"June";1997;29;28;6;"Q2";"1997-06";"1997-Q2"
547;"1997-06-30";"Monday";"June";1997;30;28;6;"Q2";"1997-06";"1997-Q2"
548;"1997-07-01";"Tuesday";"July";1997;1;28;7;"Q3";"1997-07";"1997-Q3"
549;"1997-07-02";"Wednesday";"July";1997;2;28;7;"Q3";"1997-07";"1997-Q3"
550;"1997-07-03";"Thursday";"July";1997;3;28;7;"Q3";"1997-07";"1997-Q3"
551;"1997-07-04";"Friday";"July";1997;4;28;7;"Q3";"1997-07";"1997-Q3"
552;"1997-07-05";"Saturday";"July";1997;5;28;7;"Q3";"1997-07";"1997-Q3"
553;"1997-07-06";"Sunday";"July";1997;6;29;7;"Q3";"1997-07";"1997-Q3"
554;"1997-07-07";"Monday";"July";1997;7;29;7;"Q3";"1997-07";"1997-Q3"
555;"1997-07-08";"Tuesday";"July";1997;8;29;7;"Q3";"1997-07";"1997-Q3"
556;"1997-07-09";"Wednesday";"July";1997;9;29;7;"Q3";"1997-07";"1997-Q3"
557;"1997-07-10";"Thursday";"July";1997;10;29;7;"Q3";"1997-07";"1997-Q3"
558;"1997-07-11";"Friday";"July";1997;11;29;7;"Q3";"1997-07";"1997-Q3"
559;"1997-07-12";"Saturday";"July";1997;12;29;7;"Q3";"1997-07";"1997-Q3"
560;"1997-07-13";"Sunday";"July";1997;13;30;7;"Q3";"1997-07";"1997-Q3"
561;"1997-07-14";"Monday";"July";1997;14;30;7;"Q3";"1997-07";"1997-Q3"
562;"1997-07-15";"Tuesday";"July";1997;15;30;7;"Q3";"1997-07";"1997-Q3"
563;"1997-07-16";"Wednesday";"July";1997;16;30;7;"Q3";"1997-07";"1997-Q3"
564;"1997-07-17";"Thursday";"July";1997;17;30;7;"Q3";"1997-07";"1997-Q3"
565;"1997-07-18";"Friday";"July";1997;18;30;7;"Q3";"1997-07";"1997-Q3"
566;"1997-07-19";"Saturday";"July";1997;19;30;7;"Q3";"1997-07";"1997-Q3"
567;"1997-07-20";"Sunday";"July";1997;20;31;7;"Q3";"1997-07";"1997-Q3"
568;"1997-07-21";"Monday";"July";1997;21;31;7;"Q3";"1997-07";"1997-Q3"
569;"1997-07-22";"Tuesday";"July";1997;22;31;7;"Q3";"1997-07";"1997-Q3"
570;"1997-07-23";"Wednesday";"July";1997;23;31;7;"Q3";"1997-07";"1997-Q3"
571;"1997-07-24";"Thursday";"July";1997;24;31;7;"Q3";"1997-07";"1997-Q3"
572;"1997-07-25";"Friday";"July";1997;25;31;7;"Q3";"1997-07";"1997-Q3"
573;"1997-07-26";"Saturday";"July";1997;26;31;7;"Q3";"1997-07";"1997-Q3"
574;"1997-07-27";"Sunday";"July";1997;27;32;7;"Q3";"1997-07";"1997-Q3"
575;"1997-07-28";"Monday";"July";1997;28;32;7;"Q3";"1997-07";"1997-Q3"
576;"1997-07-29";"Tuesday";"July";1997;29;32;7;"Q3";"1997-07";"1997-Q3"
577;"1997-07-30";"Wednesday";"July";1997;30;32;7;"Q3";"1997-07";"1997-Q3"
578;"1997-07-31";"Thursday";"July";1997;31;32;7;"Q3";"1997-07";"1997-Q3"
579;"1997-08-01";"Friday";"August";1997;1;32;8;"Q3";"1997-08";"1997-Q3"
580;"1997-08-02";"Saturday";"August";1997;2;32;8;"Q3";"1997-08";"1997-Q3"
581;"1997-08-03";"Sunday";"August";1997;3;33;8;"Q3";"1997-08";"1997-Q3"
582;"1997-08-04";"Monday";"August";1997;4;33;8;"Q3";"1997-08";"1997-Q3"
583;"1997-08-05";"Tuesday";"August";1997;5;33;8;"Q3";"1997-08";"1997-Q3"
584;"1997-08-06";"Wednesday";"August";1997;6;33;8;"Q3";"1997-08";"1997-Q3"
585;"1997-08-07";"Thursday";"August";1997;7;33;8;"Q3";"1997-08";"1997-Q3"
586;"1997-08-08";"Friday";"August";1997;8;33;8;"Q3";"1997-08";"1997-Q3"
587;"1997-08-09";"Saturday";"August";1997;9;33;8;"Q3";"1997-08";"1997-Q3"
588;"1997-08-10";"Sunday";"August";1997;10;34;8;"Q3";"1997-08";"1997-Q3"
589;"1997-08-11";"Monday";"August";1997;11;34;8;"Q3";"1997-08";"1997-Q3"
590;"1997-08-12";"Tuesday";"August";1997;12;34;8;"Q3";"1997-08";"1997-Q3"
591;"1997-08-13";"Wednesday";"August";1997;13;34;8;"Q3";"1997-08";"1997-Q3"
592;"1997-08-14";"Thursday";"August";1997;14;34;8;"Q3";"1997-08";"1997-Q3"
593;"1997-08-15";"Friday";"August";1997;15;34;8;"Q3";"1997-08";"1997-Q3"
594;"1997-08-16";"Saturday";"August";1997;16;34;8;"Q3";"1997-08";"1997-Q3"
595;"1997-08-17";"Sunday";"August";1997;17;35;8;"Q3";"1997-08";"1997-Q3"
596;"1997-08-18";"Monday";"August";1997;18;35;8;"Q3";"1997-08";"1997-Q3"
597;"1997-08-19";"Tuesday";"August";1997;19;35;8;"Q3";"1997-08";"1997-Q3"
598;"1997-08-20";"Wednesday";"August";1997;20;35;8;"Q3";"1997-08";"1997-Q3"
599;"1997-08-21";"Thursday";"August";1997;21;35;8;"Q3";"1997-08";"1997-Q3"
600;"1997-08-22";"Friday";"August";1997;22;35;8;"Q3";"1997-08";"1997-Q3"
601;"1997-08-23";"Saturday";"August";1997;23;35;8;"Q3";"1997-08";"1997-Q3"
602;"1997-08-24";"Sunday";"August";1997;24;36;8;"Q3";"1997-08";"1997-Q3"
603;"1997-08-25";"Monday";"August";1997;25;36;8;"Q3";"1997-08";"1997-Q3"
604;"1997-08-26";"Tuesday";"August";1997;26;36;8;"Q3";"1997-08";"1997-Q3"
605;"1997-08-27";"Wednesday";"August";1997;27;36;8;"Q3";"1997-08";"1997-Q3"
606;"1997-08-28";"Thursday";"August";1997;28;36;8;"Q3";"1997-08";"1997-Q3"
607;"1997-08-29";"Friday";"August";1997;29;36;8;"Q3";"1997-08";"1997-Q3"
608;"1997-08-30";"Saturday";"August";1997;30;36;8;"Q3";"1997-08";"1997-Q3"
609;"1997-08-31";"Sunday";"August";1997;31;37;8;"Q3";"1997-08";"1997-Q3"
610;"1997-09-01";"Monday";"September";1997;1;37;9;"Q3";"1997-09";"1997-Q3"
611;"1997-09-02";"Tuesday";"September";1997;2;37;9;"Q3";"1997-09";"1997-Q3"
612;"1997-09-03";"Wednesday";"September";1997;3;37;9;"Q3";"1997-09";"1997-Q3"
613;"1997-09-04";"Thursday";"September";1997;4;37;9;"Q3";"1997-09";"1997-Q3"
614;"1997-09-05";"Friday";"September";1997;5;37;9;"Q3";"1997-09";"1997-Q3"
615;"1997-09-06";"Saturday";"September";1997;6;37;9;"Q3";"1997-09";"1997-Q3"
616;"1997-09-07";"Sunday";"September";1997;7;38;9;"Q3";"1997-09";"1997-Q3"
617;"1997-09-08";"Monday";"September";1997;8;38;9;"Q3";"1997-09";"1997-Q3"
618;"1997-09-09";"Tuesday";"September";1997;9;38;9;"Q3";"1997-09";"1997-Q3"
619;"1997-09-10";"Wednesday";"September";1997;10;38;9;"Q3";"1997-09";"1997-Q3"
620;"1997-09-11";"Thursday";"September";1997;11;38;9;"Q3";"1997-09";"1997-Q3"
621;"1997-09-12";"Friday";"September";1997;12;38;9;"Q3";"1997-09";"1997-Q3"
622;"1997-09-13";"Saturday";"September";1997;13;38;9;"Q3";"1997-09";"1997-Q3"
623;"1997-09-14";"Sunday";"September";1997;14;39;9;"Q3";"1997-09";"1997-Q3"
624;"1997-09-15";"Monday";"September";1997;15;39;9;"Q3";"1997-09";"1997-Q3"
625;"1997-09-16";"Tuesday";"September";1997;16;39;9;"Q3";"1997-09";"1997-Q3"
626;"1997-09-17";"Wednesday";"September";1997;17;39;9;"Q3";"1997-09";"1997-Q3"
627;"1997-09-18";"Thursday";"September";1997;18;39;9;"Q3";"1997-09";"1997-Q3"
628;"1997-09-19";"Friday";"September";1997;19;39;9;"Q3";"1997-09";"1997-Q3"
629;"1997-09-20";"Saturday";"September";1997;20;39;9;"Q3";"1997-09";"1997-Q3"
630;"1997-09-21";"Sunday";"September";1997;21;40;9;"Q3";"1997-09";"1997-Q3"
631;"1997-09-22";"Monday";"September";1997;22;40;9;"Q3";"1997-09";"1997-Q3"
632;"1997-09-23";"Tuesday";"September";1997;23;40;9;"Q3";"1997-09";"1997-Q3"
633;"1997-09-24";"Wednesday";"September";1997;24;40;9;"Q3";"1997-09";"1997-Q3"
634;"1997-09-25";"Thursday";"September";1997;25;40;9;"Q3";"1997-09";"1997-Q3"
635;"1997-09-26";"Friday";"September";1997;26;40;9;"Q3";"1997-09";"1997-Q3"
636;"1997-09-27";"Saturday";"September";1997;27;40;9;"Q3";"1997-09";"1997-Q3"
637;"1997-09-28";"Sunday";"September";1997;28;41;9;"Q3";"1997-09";"1997-Q3"
638;"1997-09-29";"Monday";"September";1997;29;41;9;"Q3";"1997-09";"1997-Q3"
639;"1997-09-30";"Tuesday";"September";1997;30;41;9;"Q3";"1997-09";"1997-Q3"
640;"1997-10-01";"Wednesday";"October";1997;1;41;10;"Q4";"1997-10";"1997-Q4"
641;"1997-10-02";"Thursday";"October";1997;2;41;10;"Q4";"1997-10";"1997-Q4"
642;"1997-10-03";"Friday";"October";1997;3;41;10;"Q4";"1997-10";"1997-Q4"
643;"1997-10-04";"Saturday";"October";1997;4;41;10;"Q4";"1997-10";"1997-Q4"
644;"1997-10-05";"Sunday";"October";1997;5;42;10;"Q4";"1997-10";"1997-Q4"
645;"1997-10-06";"Monday";"October";1997;6;42;10;"Q4";"1997-10";"1997-Q4"
646;"1997-10-07";"Tuesday";"October";1997;7;42;10;"Q4";"1997-10";"1997-Q4"
647;"1997-10-08";"Wednesday";"October";1997;8;42;10;"Q4";"1997-10";"1997-Q4"
648;"1997-10-09";"Thursday";"October";1997;9;42;10;"Q4";"1997-10";"1997-Q4"
649;"1997-10-10";"Friday";"October";1997;10;42;10;"Q4";"1997-10";"1997-Q4"
650;"1997-10-11";"Saturday";"October";1997;11;42;10;"Q4";"1997-10";"1997-Q4"
651;"1997-10-12";"Sunday";"October";1997;12;43;10;"Q4";"1997-10";"1997-Q4"
652;"1997-10-13";"Monday";"October";1997;13;43;10;"Q4";"1997-10";"1997-Q4"
653;"1997-10-14";"Tuesday";"October";1997;14;43;10;"Q4";"1997-10";"1997-Q4"
654;"1997-10-15";"Wednesday";"October";1997;15;43;10;"Q4";"1997-10";"1997-Q4"
655;"1997-10-16";"Thursday";"October";1997;16;43;10;"Q4";"1997-10";"1997-Q4"
656;"1997-10-17";"Friday";"October";1997;17;43;10;"Q4";"1997-10";"1997-Q4"
657;"1997-10-18";"Saturday";"October";1997;18;43;10;"Q4";"1997-10";"1997-Q4"
658;"1997-10-19";"Sunday";"October";1997;19;44;10;"Q4";"1997-10";"1997-Q4"
659;"1997-10-20";"Monday";"October";1997;20;44;10;"Q4";"1997-10";"1997-Q4"
660;"1997-10-21";"Tuesday";"October";1997;21;44;10;"Q4";"1997-10";"1997-Q4"
661;"1997-10-22";"Wednesday";"October";1997;22;44;10;"Q4";"1997-10";"1997-Q4"
662;"1997-10-23";"Thursday";"October";1997;23;44;10;"Q4";"1997-10";"1997-Q4"
663;"1997-10-24";"Friday";"October";1997;24;44;10;"Q4";"1997-10";"1997-Q4"
664;"1997-10-25";"Saturday";"October";1997;25;44;10;"Q4";"1997-10";"1997-Q4"
665;"1997-10-26";"Sunday";"October";1997;26;45;10;"Q4";"1997-10";"1997-Q4"
666;"1997-10-27";"Monday";"October";1997;27;45;10;"Q4";"1997-10";"1997-Q4"
667;"1997-10-28";"Tuesday";"October";1997;28;45;10;"Q4";"1997-10";"1997-Q4"
668;"1997-10-29";"Wednesday";"October";1997;29;45;10;"Q4";"1997-10";"1997-Q4"
669;"1997-10-30";"Thursday";"October";1997;30;45;10;"Q4";"1997-10";"1997-Q4"
670;"1997-10-31";"Friday";"October";1997;31;45;10;"Q4";"1997-10";"1997-Q4"
671;"1997-11-01";"Saturday";"November";1997;1;45;11;"Q4";"1997-11";"1997-Q4"
672;"1997-11-02";"Sunday";"November";1997;2;46;11;"Q4";"1997-11";"1997-Q4"
673;"1997-11-03";"Monday";"November";1997;3;46;11;"Q4";"1997-11";"1997-Q4"
674;"1997-11-04";"Tuesday";"November";1997;4;46;11;"Q4";"1997-11";"1997-Q4"
675;"1997-11-05";"Wednesday";"November";1997;5;46;11;"Q4";"1997-11";"1997-Q4"
676;"1997-11-06";"Thursday";"November";1997;6;46;11;"Q4";"1997-11";"1997-Q4"
677;"1997-11-07";"Friday";"November";1997;7;46;11;"Q4";"1997-11";"1997-Q4"
678;"1997-11-08";"Saturday";"November";1997;8;46;11;"Q4";"1997-11";"1997-Q4"
679;"1997-11-09";"Sunday";"November";1997;9;47;11;"Q4";"1997-11";"1997-Q4"
680;"1997-11-10";"Monday";"November";1997;10;47;11;"Q4";"1997-11";"1997-Q4"
681;"1997-11-11";"Tuesday";"November";1997;11;47;11;"Q4";"1997-11";"1997-Q4"
682;"1997-11-12";"Wednesday";"November";1997;12;47;11;"Q4";"1997-11";"1997-Q4"
683;"1997-11-13";"Thursday";"November";1997;13;47;11;"Q4";"1997-11";"1997-Q4"
684;"1997-11-14";"Friday";"November";1997;14;47;11;"Q4";"1997-11";"1997-Q4"
685;"1997-11-15";"Saturday";"November";1997;15;47;11;"Q4";"1997-11";"1997-Q4"
686;"1997-11-16";"Sunday";"November";1997;16;48;11;"Q4";"1997-11";"1997-Q4"
687;"1997-11-17";"Monday";"November";1997;17;48;11;"Q4";"1997-11";"1997-Q4"
688;"1997-11-18";"Tuesday";"November";1997;18;48;11;"Q4";"1997-11";"1997-Q4"
689;"1997-11-19";"Wednesday";"November";1997;19;48;11;"Q4";"1997-11";"1997-Q4"
690;"1997-11-20";"Thursday";"November";1997;20;48;11;"Q4";"1997-11";"1997-Q4"
691;"1997-11-21";"Friday";"November";1997;21;48;11;"Q4";"1997-11";"1997-Q4"
692;"1997-11-22";"Saturday";"November";1997;22;48;11;"Q4";"1997-11";"1997-Q4"
693;"1997-11-23";"Sunday";"November";1997;23;49;11;"Q4";"1997-11";"1997-Q4"
694;"1997-11-24";"Monday";"November";1997;24;49;11;"Q4";"1997-11";"1997-Q4"
695;"1997-11-25";"Tuesday";"November";1997;25;49;11;"Q4";"1997-11";"1997-Q4"
696;"1997-11-26";"Wednesday";"November";1997;26;49;11;"Q4";"1997-11";"1997-Q4"
697;"1997-11-27";"Thursday";"November";1997;27;49;11;"Q4";"1997-11";"1997-Q4"
698;"1997-11-28";"Friday";"November";1997;28;49;11;"Q4";"1997-11";"1997-Q4"
699;"1997-11-29";"Saturday";"November";1997;29;49;11;"Q4";"1997-11";"1997-Q4"
700;"1997-11-30";"Sunday";"November";1997;30;50;11;"Q4";"1997-11";"1997-Q4"
701;"1997-12-01";"Monday";"December";1997;1;50;12;"Q4";"1997-12";"1997-Q4"
702;"1997-12-02";"Tuesday";"December";1997;2;50;12;"Q4";"1997-12";"1997-Q4"
703;"1997-12-03";"Wednesday";"December";1997;3;50;12;"Q4";"1997-12";"1997-Q4"
704;"1997-12-04";"Thursday";"December";1997;4;50;12;"Q4";"1997-12";"1997-Q4"
705;"1997-12-05";"Friday";"December";1997;5;50;12;"Q4";"1997-12";"1997-Q4"
706;"1997-12-06";"Saturday";"December";1997;6;50;12;"Q4";"1997-12";"1997-Q4"
707;"1997-12-07";"Sunday";"December";1997;7;51;12;"Q4";"1997-12";"1997-Q4"
708;"1997-12-08";"Monday";"December";1997;8;51;12;"Q4";"1997-12";"1997-Q4"
709;"1997-12-09";"Tuesday";"December";1997;9;51;12;"Q4";"1997-12";"1997-Q4"
710;"1997-12-10";"Wednesday";"December";1997;10;51;12;"Q4";"1997-12";"1997-Q4"
711;"1997-12-11";"Thursday";"December";1997;11;51;12;"Q4";"1997-12";"1997-Q4"
712;"1997-12-12";"Friday";"December";1997;12;51;12;"Q4";"1997-12";"1997-Q4"
713;"1997-12-13";"Saturday";"December";1997;13;51;12;"Q4";"1997-12";"1997-Q4"
714;"1997-12-14";"Sunday";"December";1997;14;52;12;"Q4";"1997-12";"1997-Q4"
715;"1997-12-15";"Monday";"December";1997;15;1;12;"Q4";"1997-12";"1997-Q4"
716;"1997-12-16";"Tuesday";"December";1997;16;1;12;"Q4";"1997-12";"1997-Q4"
717;"1997-12-17";"Wednesday";"December";1997;17;1;12;"Q4";"1997-12";"1997-Q4"
718;"1997-12-18";"Thursday";"December";1997;18;1;12;"Q4";"1997-12";"1997-Q4"
719;"1997-12-19";"Friday";"December";1997;19;1;12;"Q4";"1997-12";"1997-Q4"
720;"1997-12-20";"Saturday";"December";1997;20;1;12;"Q4";"1997-12";"1997-Q4"
721;"1997-12-21";"Sunday";"December";1997;21;2;12;"Q4";"1997-12";"1997-Q4"
722;"1997-12-22";"Monday";"December";1997;22;2;12;"Q4";"1997-12";"1997-Q4"
723;"1997-12-23";"Tuesday";"December";1997;23;2;12;"Q4";"1997-12";"1997-Q4"
724;"1997-12-24";"Wednesday";"December";1997;24;2;12;"Q4";"1997-12";"1997-Q4"
725;"1997-12-25";"Thursday";"December";1997;25;2;12;"Q4";"1997-12";"1997-Q4"
726;"1997-12-26";"Friday";"December";1997;26;2;12;"Q4";"1997-12";"1997-Q4"
727;"1997-12-27";"Saturday";"December";1997;27;2;12;"Q4";"1997-12";"1997-Q4"
728;"1997-12-28";"Sunday";"December";1997;28;3;12;"Q4";"1997-12";"1997-Q4"
729;"1997-12-29";"Monday";"December";1997;29;3;12;"Q4";"1997-12";"1997-Q4"
730;"1997-12-30";"Tuesday";"December";1997;30;3;12;"Q4";"1997-12";"1997-Q4"
731;"1997-12-31";"Wednesday";"December";1997;31;3;12;"Q4";"1997-12";"1997-Q4"
732;"1998-01-01";"Thursday";"January";1998;1;3;1;"Q1";"1998-01";"1998-Q1"
733;"1998-01-02";"Friday";"January";1998;2;3;1;"Q1";"1998-01";"1998-Q1"
734;"1998-01-03";"Saturday";"January";1998;3;3;1;"Q1";"1998-01";"1998-Q1"
735;"1998-01-04";"Sunday";"January";1998;4;4;1;"Q1";"1998-01";"1998-Q1"
736;"1998-01-05";"Monday";"January";1998;5;4;1;"Q1";"1998-01";"1998-Q1"
737;"1998-01-06";"Tuesday";"January";1998;6;4;1;"Q1";"1998-01";"1998-Q1"
738;"1998-01-07";"Wednesday";"January";1998;7;4;1;"Q1";"1998-01";"1998-Q1"
739;"1998-01-08";"Thursday";"January";1998;8;4;1;"Q1";"1998-01";"1998-Q1"
740;"1998-01-09";"Friday";"January";1998;9;4;1;"Q1";"1998-01";"1998-Q1"
741;"1998-01-10";"Saturday";"January";1998;10;4;1;"Q1";"1998-01";"1998-Q1"
742;"1998-01-11";"Sunday";"January";1998;11;5;1;"Q1";"1998-01";"1998-Q1"
743;"1998-01-12";"Monday";"January";1998;12;5;1;"Q1";"1998-01";"1998-Q1"
744;"1998-01-13";"Tuesday";"January";1998;13;5;1;"Q1";"1998-01";"1998-Q1"
745;"1998-01-14";"Wednesday";"January";1998;14;5;1;"Q1";"1998-01";"1998-Q1"
746;"1998-01-15";"Thursday";"January";1998;15;5;1;"Q1";"1998-01";"1998-Q1"
747;"1998-01-16";"Friday";"January";1998;16;5;1;"Q1";"1998-01";"1998-Q1"
748;"1998-01-17";"Saturday";"January";1998;17;5;1;"Q1";"1998-01";"1998-Q1"
749;"1998-01-18";"Sunday";"January";1998;18;6;1;"Q1";"1998-01";"1998-Q1"
750;"1998-01-19";"Monday";"January";1998;19;6;1;"Q1";"1998-01";"1998-Q1"
751;"1998-01-20";"Tuesday";"January";1998;20;6;1;"Q1";"1998-01";"1998-Q1"
752;"1998-01-21";"Wednesday";"January";1998;21;6;1;"Q1";"1998-01";"1998-Q1"
753;"1998-01-22";"Thursday";"January";1998;22;6;1;"Q1";"1998-01";"1998-Q1"
754;"1998-01-23";"Friday";"January";1998;23;6;1;"Q1";"1998-01";"1998-Q1"
755;"1998-01-24";"Saturday";"January";1998;24;6;1;"Q1";"1998-01";"1998-Q1"
756;"1998-01-25";"Sunday";"January";1998;25;7;1;"Q1";"1998-01";"1998-Q1"
757;"1998-01-26";"Monday";"January";1998;26;7;1;"Q1";"1998-01";"1998-Q1"
758;"1998-01-27";"Tuesday";"January";1998;27;7;1;"Q1";"1998-01";"1998-Q1"
759;"1998-01-28";"Wednesday";"January";1998;28;7;1;"Q1";"1998-01";"1998-Q1"
760;"1998-01-29";"Thursday";"January";1998;29;7;1;"Q1";"1998-01";"1998-Q1"
761;"1998-01-30";"Friday";"January";1998;30;7;1;"Q1";"1998-01";"1998-Q1"
762;"1998-01-31";"Saturday";"January";1998;31;7;1;"Q1";"1998-01";"1998-Q1"
763;"1998-02-01";"Sunday";"February";1998;1;8;2;"Q1";"1998-02";"1998-Q1"
764;"1998-02-02";"Monday";"February";1998;2;8;2;"Q1";"1998-02";"1998-Q1"
765;"1998-02-03";"Tuesday";"February";1998;3;8;2;"Q1";"1998-02";"1998-Q1"
766;"1998-02-04";"Wednesday";"February";1998;4;8;2;"Q1";"1998-02";"1998-Q1"
767;"1998-02-05";"Thursday";"February";1998;5;8;2;"Q1";"1998-02";"1998-Q1"
768;"1998-02-06";"Friday";"February";1998;6;8;2;"Q1";"1998-02";"1998-Q1"
769;"1998-02-07";"Saturday";"February";1998;7;8;2;"Q1";"1998-02";"1998-Q1"
770;"1998-02-08";"Sunday";"February";1998;8;9;2;"Q1";"1998-02";"1998-Q1"
771;"1998-02-09";"Monday";"February";1998;9;9;2;"Q1";"1998-02";"1998-Q1"
772;"1998-02-10";"Tuesday";"February";1998;10;9;2;"Q1";"1998-02";"1998-Q1"
773;"1998-02-11";"Wednesday";"February";1998;11;9;2;"Q1";"1998-02";"1998-Q1"
774;"1998-02-12";"Thursday";"February";1998;12;9;2;"Q1";"1998-02";"1998-Q1"
775;"1998-02-13";"Friday";"February";1998;13;9;2;"Q1";"1998-02";"1998-Q1"
776;"1998-02-14";"Saturday";"February";1998;14;9;2;"Q1";"1998-02";"1998-Q1"
777;"1998-02-15";"Sunday";"February";1998;15;10;2;"Q1";"1998-02";"1998-Q1"
778;"1998-02-16";"Monday";"February";1998;16;10;2;"Q1";"1998-02";"1998-Q1"
779;"1998-02-17";"Tuesday";"February";1998;17;10;2;"Q1";"1998-02";"1998-Q1"
780;"1998-02-18";"Wednesday";"February";1998;18;10;2;"Q1";"1998-02";"1998-Q1"
781;"1998-02-19";"Thursday";"February";1998;19;10;2;"Q1";"1998-02";"1998-Q1"
782;"1998-02-20";"Friday";"February";1998;20;10;2;"Q1";"1998-02";"1998-Q1"
783;"1998-02-21";"Saturday";"February";1998;21;10;2;"Q1";"1998-02";"1998-Q1"
784;"1998-02-22";"Sunday";"February";1998;22;11;2;"Q1";"1998-02";"1998-Q1"
785;"1998-02-23";"Monday";"February";1998;23;11;2;"Q1";"1998-02";"1998-Q1"
786;"1998-02-24";"Tuesday";"February";1998;24;11;2;"Q1";"1998-02";"1998-Q1"
787;"1998-02-25";"Wednesday";"February";1998;25;11;2;"Q1";"1998-02";"1998-Q1"
788;"1998-02-26";"Thursday";"February";1998;26;11;2;"Q1";"1998-02";"1998-Q1"
789;"1998-02-27";"Friday";"February";1998;27;11;2;"Q1";"1998-02";"1998-Q1"
790;"1998-02-28";"Saturday";"February";1998;28;11;2;"Q1";"1998-02";"1998-Q1"
791;"1998-03-01";"Sunday";"March";1998;1;12;3;"Q1";"1998-03";"1998-Q1"
792;"1998-03-02";"Monday";"March";1998;2;12;3;"Q1";"1998-03";"1998-Q1"
793;"1998-03-03";"Tuesday";"March";1998;3;12;3;"Q1";"1998-03";"1998-Q1"
794;"1998-03-04";"Wednesday";"March";1998;4;12;3;"Q1";"1998-03";"1998-Q1"
795;"1998-03-05";"Thursday";"March";1998;5;12;3;"Q1";"1998-03";"1998-Q1"
796;"1998-03-06";"Friday";"March";1998;6;12;3;"Q1";"1998-03";"1998-Q1"
797;"1998-03-07";"Saturday";"March";1998;7;12;3;"Q1";"1998-03";"1998-Q1"
798;"1998-03-08";"Sunday";"March";1998;8;13;3;"Q1";"1998-03";"1998-Q1"
799;"1998-03-09";"Monday";"March";1998;9;13;3;"Q1";"1998-03";"1998-Q1"
800;"1998-03-10";"Tuesday";"March";1998;10;13;3;"Q1";"1998-03";"1998-Q1"
801;"1998-03-11";"Wednesday";"March";1998;11;13;3;"Q1";"1998-03";"1998-Q1"
802;"1998-03-12";"Thursday";"March";1998;12;13;3;"Q1";"1998-03";"1998-Q1"
803;"1998-03-13";"Friday";"March";1998;13;13;3;"Q1";"1998-03";"1998-Q1"
804;"1998-03-14";"Saturday";"March";1998;14;13;3;"Q1";"1998-03";"1998-Q1"
805;"1998-03-15";"Sunday";"March";1998;15;14;3;"Q1";"1998-03";"1998-Q1"
806;"1998-03-16";"Monday";"March";1998;16;14;3;"Q1";"1998-03";"1998-Q1"
807;"1998-03-17";"Tuesday";"March";1998;17;14;3;"Q1";"1998-03";"1998-Q1"
808;"1998-03-18";"Wednesday";"March";1998;18;14;3;"Q1";"1998-03";"1998-Q1"
809;"1998-03-19";"Thursday";"March";1998;19;14;3;"Q1";"1998-03";"1998-Q1"
810;"1998-03-20";"Friday";"March";1998;20;14;3;"Q1";"1998-03";"1998-Q1"
811;"1998-03-21";"Saturday";"March";1998;21;14;3;"Q1";"1998-03";"1998-Q1"
812;"1998-03-22";"Sunday";"March";1998;22;15;3;"Q1";"1998-03";"1998-Q1"
813;"1998-03-23";"Monday";"March";1998;23;15;3;"Q1";"1998-03";"1998-Q1"
814;"1998-03-24";"Tuesday";"March";1998;24;15;3;"Q1";"1998-03";"1998-Q1"
815;"1998-03-25";"Wednesday";"March";1998;25;15;3;"Q1";"1998-03";"1998-Q1"
816;"1998-03-26";"Thursday";"March";1998;26;15;3;"Q1";"1998-03";"1998-Q1"
817;"1998-03-27";"Friday";"March";1998;27;15;3;"Q1";"1998-03";"1998-Q1"
818;"1998-03-28";"Saturday";"March";1998;28;15;3;"Q1";"1998-03";"1998-Q1"
819;"1998-03-29";"Sunday";"March";1998;29;16;3;"Q1";"1998-03";"1998-Q1"
820;"1998-03-30";"Monday";"March";1998;30;16;3;"Q1";"1998-03";"1998-Q1"
821;"1998-03-31";"Tuesday";"March";1998;31;16;3;"Q1";"1998-03";"1998-Q1"
822;"1998-04-01";"Wednesday";"April";1998;1;16;4;"Q2";"1998-04";"1998-Q2"
823;"1998-04-02";"Thursday";"April";1998;2;16;4;"Q2";"1998-04";"1998-Q2"
824;"1998-04-03";"Friday";"April";1998;3;16;4;"Q2";"1998-04";"1998-Q2"
825;"1998-04-04";"Saturday";"April";1998;4;16;4;"Q2";"1998-04";"1998-Q2"
826;"1998-04-05";"Sunday";"April";1998;5;17;4;"Q2";"1998-04";"1998-Q2"
827;"1998-04-06";"Monday";"April";1998;6;17;4;"Q2";"1998-04";"1998-Q2"
828;"1998-04-07";"Tuesday";"April";1998;7;17;4;"Q2";"1998-04";"1998-Q2"
829;"1998-04-08";"Wednesday";"April";1998;8;17;4;"Q2";"1998-04";"1998-Q2"
830;"1998-04-09";"Thursday";"April";1998;9;17;4;"Q2";"1998-04";"1998-Q2"
831;"1998-04-10";"Friday";"April";1998;10;17;4;"Q2";"1998-04";"1998-Q2"
832;"1998-04-11";"Saturday";"April";1998;11;17;4;"Q2";"1998-04";"1998-Q2"
833;"1998-04-12";"Sunday";"April";1998;12;18;4;"Q2";"1998-04";"1998-Q2"
834;"1998-04-13";"Monday";"April";1998;13;18;4;"Q2";"1998-04";"1998-Q2"
835;"1998-04-14";"Tuesday";"April";1998;14;18;4;"Q2";"1998-04";"1998-Q2"
836;"1998-04-15";"Wednesday";"April";1998;15;18;4;"Q2";"1998-04";"1998-Q2"
837;"1998-04-16";"Thursday";"April";1998;16;18;4;"Q2";"1998-04";"1998-Q2"
838;"1998-04-17";"Friday";"April";1998;17;18;4;"Q2";"1998-04";"1998-Q2"
839;"1998-04-18";"Saturday";"April";1998;18;18;4;"Q2";"1998-04";"1998-Q2"
840;"1998-04-19";"Sunday";"April";1998;19;19;4;"Q2";"1998-04";"1998-Q2"
841;"1998-04-20";"Monday";"April";1998;20;19;4;"Q2";"1998-04";"1998-Q2"
842;"1998-04-21";"Tuesday";"April";1998;21;19;4;"Q2";"1998-04";"1998-Q2"
843;"1998-04-22";"Wednesday";"April";1998;22;19;4;"Q2";"1998-04";"1998-Q2"
844;"1998-04-23";"Thursday";"April";1998;23;19;4;"Q2";"1998-04";"1998-Q2"
845;"1998-04-24";"Friday";"April";1998;24;19;4;"Q2";"1998-04";"1998-Q2"
846;"1998-04-25";"Saturday";"April";1998;25;19;4;"Q2";"1998-04";"1998-Q2"
847;"1998-04-26";"Sunday";"April";1998;26;20;4;"Q2";"1998-04";"1998-Q2"
848;"1998-04-27";"Monday";"April";1998;27;20;4;"Q2";"1998-04";"1998-Q2"
849;"1998-04-28";"Tuesday";"April";1998;28;20;4;"Q2";"1998-04";"1998-Q2"
850;"1998-04-29";"Wednesday";"April";1998;29;20;4;"Q2";"1998-04";"1998-Q2"
851;"1998-04-30";"Thursday";"April";1998;30;20;4;"Q2";"1998-04";"1998-Q2"
852;"1998-05-01";"Friday";"May";1998;1;20;5;"Q2";"1998-05";"1998-Q2"
853;"1998-05-02";"Saturday";"May";1998;2;20;5;"Q2";"1998-05";"1998-Q2"
854;"1998-05-03";"Sunday";"May";1998;3;21;5;"Q2";"1998-05";"1998-Q2"
855;"1998-05-04";"Monday";"May";1998;4;21;5;"Q2";"1998-05";"1998-Q2"
856;"1998-05-05";"Tuesday";"May";1998;5;21;5;"Q2";"1998-05";"1998-Q2"
857;"1998-05-06";"Wednesday";"May";1998;6;21;5;"Q2";"1998-05";"1998-Q2"
858;"1998-05-07";"Thursday";"May";1998;7;21;5;"Q2";"1998-05";"1998-Q2"
859;"1998-05-08";"Friday";"May";1998;8;21;5;"Q2";"1998-05";"1998-Q2"
860;"1998-05-09";"Saturday";"May";1998;9;21;5;"Q2";"1998-05";"1998-Q2"
861;"1998-05-10";"Sunday";"May";1998;10;22;5;"Q2";"1998-05";"1998-Q2"
862;"1998-05-11";"Monday";"May";1998;11;22;5;"Q2";"1998-05";"1998-Q2"
863;"1998-05-12";"Tuesday";"May";1998;12;22;5;"Q2";"1998-05";"1998-Q2"
864;"1998-05-13";"Wednesday";"May";1998;13;22;5;"Q2";"1998-05";"1998-Q2"
865;"1998-05-14";"Thursday";"May";1998;14;22;5;"Q2";"1998-05";"1998-Q2"
866;"1998-05-15";"Friday";"May";1998;15;22;5;"Q2";"1998-05";"1998-Q2"
867;"1998-05-16";"Saturday";"May";1998;16;22;5;"Q2";"1998-05";"1998-Q2"
868;"1998-05-17";"Sunday";"May";1998;17;23;5;"Q2";"1998-05";"1998-Q2"
869;"1998-05-18";"Monday";"May";1998;18;23;5;"Q2";"1998-05";"1998-Q2"
870;"1998-05-19";"Tuesday";"May";1998;19;23;5;"Q2";"1998-05";"1998-Q2"
871;"1998-05-20";"Wednesday";"May";1998;20;23;5;"Q2";"1998-05";"1998-Q2"
872;"1998-05-21";"Thursday";"May";1998;21;23;5;"Q2";"1998-05";"1998-Q2"
873;"1998-05-22";"Friday";"May";1998;22;23;5;"Q2";"1998-05";"1998-Q2"
874;"1998-05-23";"Saturday";"May";1998;23;23;5;"Q2";"1998-05";"1998-Q2"
875;"1998-05-24";"Sunday";"May";1998;24;24;5;"Q2";"1998-05";"1998-Q2"
876;"1998-05-25";"Monday";"May";1998;25;24;5;"Q2";"1998-05";"1998-Q2"
877;"1998-05-26";"Tuesday";"May";1998;26;24;5;"Q2";"1998-05";"1998-Q2"
878;"1998-05-27";"Wednesday";"May";1998;27;24;5;"Q2";"1998-05";"1998-Q2"
879;"1998-05-28";"Thursday";"May";1998;28;24;5;"Q2";"1998-05";"1998-Q2"
880;"1998-05-29";"Friday";"May";1998;29;24;5;"Q2";"1998-05";"1998-Q2"
881;"1998-05-30";"Saturday";"May";1998;30;24;5;"Q2";"1998-05";"1998-Q2"
882;"1998-05-31";"Sunday";"May";1998;31;25;5;"Q2";"1998-05";"1998-Q2"
883;"1998-06-01";"Monday";"June";1998;1;25;6;"Q2";"1998-06";"1998-Q2"
884;"1998-06-02";"Tuesday";"June";1998;2;25;6;"Q2";"1998-06";"1998-Q2"
885;"1998-06-03";"Wednesday";"June";1998;3;25;6;"Q2";"1998-06";"1998-Q2"
886;"1998-06-04";"Thursday";"June";1998;4;25;6;"Q2";"1998-06";"1998-Q2"
887;"1998-06-05";"Friday";"June";1998;5;25;6;"Q2";"1998-06";"1998-Q2"
888;"1998-06-06";"Saturday";"June";1998;6;25;6;"Q2";"1998-06";"1998-Q2"
889;"1998-06-07";"Sunday";"June";1998;7;26;6;"Q2";"1998-06";"1998-Q2"
890;"1998-06-08";"Monday";"June";1998;8;26;6;"Q2";"1998-06";"1998-Q2"
891;"1998-06-09";"Tuesday";"June";1998;9;26;6;"Q2";"1998-06";"1998-Q2"
892;"1998-06-10";"Wednesday";"June";1998;10;26;6;"Q2";"1998-06";"1998-Q2"
893;"1998-06-11";"Thursday";"June";1998;11;26;6;"Q2";"1998-06";"1998-Q2"
894;"1998-06-12";"Friday";"June";1998;12;26;6;"Q2";"1998-06";"1998-Q2"
895;"1998-06-13";"Saturday";"June";1998;13;26;6;"Q2";"1998-06";"1998-Q2"
896;"1998-06-14";"Sunday";"June";1998;14;27;6;"Q2";"1998-06";"1998-Q2"
897;"1998-06-15";"Monday";"June";1998;15;27;6;"Q2";"1998-06";"1998-Q2"
898;"1998-06-16";"Tuesday";"June";1998;16;27;6;"Q2";"1998-06";"1998-Q2"
899;"1998-06-17";"Wednesday";"June";1998;17;27;6;"Q2";"1998-06";"1998-Q2"
900;"1998-06-18";"Thursday";"June";1998;18;27;6;"Q2";"1998-06";"1998-Q2"
901;"1998-06-19";"Friday";"June";1998;19;27;6;"Q2";"1998-06";"1998-Q2"
902;"1998-06-20";"Saturday";"June";1998;20;27;6;"Q2";"1998-06";"1998-Q2"
903;"1998-06-21";"Sunday";"June";1998;21;28;6;"Q2";"1998-06";"1998-Q2"
904;"1998-06-22";"Monday";"June";1998;22;28;6;"Q2";"1998-06";"1998-Q2"
905;"1998-06-23";"Tuesday";"June";1998;23;28;6;"Q2";"1998-06";"1998-Q2"
906;"1998-06-24";"Wednesday";"June";1998;24;28;6;"Q2";"1998-06";"1998-Q2"
907;"1998-06-25";"Thursday";"June";1998;25;28;6;"Q2";"1998-06";"1998-Q2"
908;"1998-06-26";"Friday";"June";1998;26;28;6;"Q2";"1998-06";"1998-Q2"
909;"1998-06-27";"Saturday";"June";1998;27;28;6;"Q2";"1998-06";"1998-Q2"
910;"1998-06-28";"Sunday";"June";1998;28;29;6;"Q2";"1998-06";"1998-Q2"
911;"1998-06-29";"Monday";"June";1998;29;29;6;"Q2";"1998-06";"1998-Q2"
912;"1998-06-30";"Tuesday";"June";1998;30;29;6;"Q2";"1998-06";"1998-Q2"
913;"1998-07-01";"Wednesday";"July";1998;1;29;7;"Q3";"1998-07";"1998-Q3"
914;"1998-07-02";"Thursday";"July";1998;2;29;7;"Q3";"1998-07";"1998-Q3"
915;"1998-07-03";"Friday";"July";1998;3;29;7;"Q3";"1998-07";"1998-Q3"
916;"1998-07-04";"Saturday";"July";1998;4;29;7;"Q3";"1998-07";"1998-Q3"
917;"1998-07-05";"Sunday";"July";1998;5;30;7;"Q3";"1998-07";"1998-Q3"
918;"1998-07-06";"Monday";"July";1998;6;30;7;"Q3";"1998-07";"1998-Q3"
919;"1998-07-07";"Tuesday";"July";1998;7;30;7;"Q3";"1998-07";"1998-Q3"
920;"1998-07-08";"Wednesday";"July";1998;8;30;7;"Q3";"1998-07";"1998-Q3"
921;"1998-07-09";"Thursday";"July";1998;9;30;7;"Q3";"1998-07";"1998-Q3"
922;"1998-07-10";"Friday";"July";1998;10;30;7;"Q3";"1998-07";"1998-Q3"
923;"1998-07-11";"Saturday";"July";1998;11;30;7;"Q3";"1998-07";"1998-Q3"
924;"1998-07-12";"Sunday";"July";1998;12;31;7;"Q3";"1998-07";"1998-Q3"
925;"1998-07-13";"Monday";"July";1998;13;31;7;"Q3";"1998-07";"1998-Q3"
926;"1998-07-14";"Tuesday";"July";1998;14;31;7;"Q3";"1998-07";"1998-Q3"
927;"1998-07-15";"Wednesday";"July";1998;15;31;7;"Q3";"1998-07";"1998-Q3"
928;"1998-07-16";"Thursday";"July";1998;16;31;7;"Q3";"1998-07";"1998-Q3"
929;"1998-07-17";"Friday";"July";1998;17;31;7;"Q3";"1998-07";"1998-Q3"
930;"1998-07-18";"Saturday";"July";1998;18;31;7;"Q3";"1998-07";"1998-Q3"
931;"1998-07-19";"Sunday";"July";1998;19;32;7;"Q3";"1998-07";"1998-Q3"
932;"1998-07-20";"Monday";"July";1998;20;32;7;"Q3";"1998-07";"1998-Q3"
933;"1998-07-21";"Tuesday";"July";1998;21;32;7;"Q3";"1998-07";"1998-Q3"
934;"1998-07-22";"Wednesday";"July";1998;22;32;7;"Q3";"1998-07";"1998-Q3"
935;"1998-07-23";"Thursday";"July";1998;23;32;7;"Q3";"1998-07";"1998-Q3"
936;"1998-07-24";"Friday";"July";1998;24;32;7;"Q3";"1998-07";"1998-Q3"
937;"1998-07-25";"Saturday";"July";1998;25;32;7;"Q3";"1998-07";"1998-Q3"
938;"1998-07-26";"Sunday";"July";1998;26;33;7;"Q3";"1998-07";"1998-Q3"
939;"1998-07-27";"Monday";"July";1998;27;33;7;"Q3";"1998-07";"1998-Q3"
940;"1998-07-28";"Tuesday";"July";1998;28;33;7;"Q3";"1998-07";"1998-Q3"
941;"1998-07-29";"Wednesday";"July";1998;29;33;7;"Q3";"1998-07";"1998-Q3"
942;"1998-07-30";"Thursday";"July";1998;30;33;7;"Q3";"1998-07";"1998-Q3"
943;"1998-07-31";"Friday";"July";1998;31;33;7;"Q3";"1998-07";"1998-Q3"
944;"1998-08-01";"Saturday";"August";1998;1;33;8;"Q3";"1998-08";"1998-Q3"
945;"1998-08-02";"Sunday";"August";1998;2;34;8;"Q3";"1998-08";"1998-Q3"
946;"1998-08-03";"Monday";"August";1998;3;34;8;"Q3";"1998-08";"1998-Q3"
947;"1998-08-04";"Tuesday";"August";1998;4;34;8;"Q3";"1998-08";"1998-Q3"
948;"1998-08-05";"Wednesday";"August";1998;5;34;8;"Q3";"1998-08";"1998-Q3"
949;"1998-08-06";"Thursday";"August";1998;6;34;8;"Q3";"1998-08";"1998-Q3"
950;"1998-08-07";"Friday";"August";1998;7;34;8;"Q3";"1998-08";"1998-Q3"
951;"1998-08-08";"Saturday";"August";1998;8;34;8;"Q3";"1998-08";"1998-Q3"
952;"1998-08-09";"Sunday";"August";1998;9;35;8;"Q3";"1998-08";"1998-Q3"
953;"1998-08-10";"Monday";"August";1998;10;35;8;"Q3";"1998-08";"1998-Q3"
954;"1998-08-11";"Tuesday";"August";1998;11;35;8;"Q3";"1998-08";"1998-Q3"
955;"1998-08-12";"Wednesday";"August";1998;12;35;8;"Q3";"1998-08";"1998-Q3"
956;"1998-08-13";"Thursday";"August";1998;13;35;8;"Q3";"1998-08";"1998-Q3"
957;"1998-08-14";"Friday";"August";1998;14;35;8;"Q3";"1998-08";"1998-Q3"
958;"1998-08-15";"Saturday";"August";1998;15;35;8;"Q3";"1998-08";"1998-Q3"
959;"1998-08-16";"Sunday";"August";1998;16;36;8;"Q3";"1998-08";"1998-Q3"
960;"1998-08-17";"Monday";"August";1998;17;36;8;"Q3";"1998-08";"1998-Q3"
961;"1998-08-18";"Tuesday";"August";1998;18;36;8;"Q3";"1998-08";"1998-Q3"
962;"1998-08-19";"Wednesday";"August";1998;19;36;8;"Q3";"1998-08";"1998-Q3"
963;"1998-08-20";"Thursday";"August";1998;20;36;8;"Q3";"1998-08";"1998-Q3"
964;"1998-08-21";"Friday";"August";1998;21;36;8;"Q3";"1998-08";"1998-Q3"
965;"1998-08-22";"Saturday";"August";1998;22;36;8;"Q3";"1998-08";"1998-Q3"
966;"1998-08-23";"Sunday";"August";1998;23;37;8;"Q3";"1998-08";"1998-Q3"
967;"1998-08-24";"Monday";"August";1998;24;37;8;"Q3";"1998-08";"1998-Q3"
968;"1998-08-25";"Tuesday";"August";1998;25;37;8;"Q3";"1998-08";"1998-Q3"
969;"1998-08-26";"Wednesday";"August";1998;26;37;8;"Q3";"1998-08";"1998-Q3"
970;"1998-08-27";"Thursday";"August";1998;27;37;8;"Q3";"1998-08";"1998-Q3"
971;"1998-08-28";"Friday";"August";1998;28;37;8;"Q3";"1998-08";"1998-Q3"
972;"1998-08-29";"Saturday";"August";1998;29;37;8;"Q3";"1998-08";"1998-Q3"
973;"1998-08-30";"Sunday";"August";1998;30;38;8;"Q3";"1998-08";"1998-Q3"
974;"1998-08-31";"Monday";"August";1998;31;38;8;"Q3";"1998-08";"1998-Q3"
975;"1998-09-01";"Tuesday";"September";1998;1;38;9;"Q3";"1998-09";"1998-Q3"
976;"1998-09-02";"Wednesday";"September";1998;2;38;9;"Q3";"1998-09";"1998-Q3"
977;"1998-09-03";"Thursday";"September";1998;3;38;9;"Q3";"1998-09";"1998-Q3"
978;"1998-09-04";"Friday";"September";1998;4;38;9;"Q3";"1998-09";"1998-Q3"
979;"1998-09-05";"Saturday";"September";1998;5;38;9;"Q3";"1998-09";"1998-Q3"
980;"1998-09-06";"Sunday";"September";1998;6;39;9;"Q3";"1998-09";"1998-Q3"
981;"1998-09-07";"Monday";"September";1998;7;39;9;"Q3";"1998-09";"1998-Q3"
982;"1998-09-08";"Tuesday";"September";1998;8;39;9;"Q3";"1998-09";"1998-Q3"
983;"1998-09-09";"Wednesday";"September";1998;9;39;9;"Q3";"1998-09";"1998-Q3"
984;"1998-09-10";"Thursday";"September";1998;10;39;9;"Q3";"1998-09";"1998-Q3"
985;"1998-09-11";"Friday";"September";1998;11;39;9;"Q3";"1998-09";"1998-Q3"
986;"1998-09-12";"Saturday";"September";1998;12;39;9;"Q3";"1998-09";"1998-Q3"
987;"1998-09-13";"Sunday";"September";1998;13;40;9;"Q3";"1998-09";"1998-Q3"
988;"1998-09-14";"Monday";"September";1998;14;40;9;"Q3";"1998-09";"1998-Q3"
989;"1998-09-15";"Tuesday";"September";1998;15;40;9;"Q3";"1998-09";"1998-Q3"
990;"1998-09-16";"Wednesday";"September";1998;16;40;9;"Q3";"1998-09";"1998-Q3"
991;"1998-09-17";"Thursday";"September";1998;17;40;9;"Q3";"1998-09";"1998-Q3"
992;"1998-09-18";"Friday";"September";1998;18;40;9;"Q3";"1998-09";"1998-Q3"
993;"1998-09-19";"Saturday";"September";1998;19;40;9;"Q3";"1998-09";"1998-Q3"
994;"1998-09-20";"Sunday";"September";1998;20;41;9;"Q3";"1998-09";"1998-Q3"
995;"1998-09-21";"Monday";"September";1998;21;41;9;"Q3";"1998-09";"1998-Q3"
996;"1998-09-22";"Tuesday";"September";1998;22;41;9;"Q3";"1998-09";"1998-Q3"
997;"1998-09-23";"Wednesday";"September";1998;23;41;9;"Q3";"1998-09";"1998-Q3"
998;"1998-09-24";"Thursday";"September";1998;24;41;9;"Q3";"1998-09";"1998-Q3"
999;"1998-09-25";"Friday";"September";1998;25;41;9;"Q3";"1998-09";"1998-Q3"
1000;"1998-09-26";"Saturday";"September";1998;26;41;9;"Q3";"1998-09";"1998-Q3"
1001;"1998-09-27";"Sunday";"September";1998;27;42;9;"Q3";"1998-09";"1998-Q3"
1002;"1998-09-28";"Monday";"September";1998;28;42;9;"Q3";"1998-09";"1998-Q3"
1003;"1998-09-29";"Tuesday";"September";1998;29;42;9;"Q3";"1998-09";"1998-Q3"
1004;"1998-09-30";"Wednesday";"September";1998;30;42;9;"Q3";"1998-09";"1998-Q3"
1005;"1998-10-01";"Thursday";"October";1998;1;42;10;"Q4";"1998-10";"1998-Q4"
1006;"1998-10-02";"Friday";"October";1998;2;42;10;"Q4";"1998-10";"1998-Q4"
1007;"1998-10-03";"Saturday";"October";1998;3;42;10;"Q4";"1998-10";"1998-Q4"
1008;"1998-10-04";"Sunday";"October";1998;4;43;10;"Q4";"1998-10";"1998-Q4"
1009;"1998-10-05";"Monday";"October";1998;5;43;10;"Q4";"1998-10";"1998-Q4"
1010;"1998-10-06";"Tuesday";"October";1998;6;43;10;"Q4";"1998-10";"1998-Q4"
1011;"1998-10-07";"Wednesday";"October";1998;7;43;10;"Q4";"1998-10";"1998-Q4"
1012;"1998-10-08";"Thursday";"October";1998;8;43;10;"Q4";"1998-10";"1998-Q4"
1013;"1998-10-09";"Friday";"October";1998;9;43;10;"Q4";"1998-10";"1998-Q4"
1014;"1998-10-10";"Saturday";"October";1998;10;43;10;"Q4";"1998-10";"1998-Q4"
1015;"1998-10-11";"Sunday";"October";1998;11;44;10;"Q4";"1998-10";"1998-Q4"
1016;"1998-10-12";"Monday";"October";1998;12;44;10;"Q4";"1998-10";"1998-Q4"
1017;"1998-10-13";"Tuesday";"October";1998;13;44;10;"Q4";"1998-10";"1998-Q4"
1018;"1998-10-14";"Wednesday";"October";1998;14;44;10;"Q4";"1998-10";"1998-Q4"
1019;"1998-10-15";"Thursday";"October";1998;15;44;10;"Q4";"1998-10";"1998-Q4"
1020;"1998-10-16";"Friday";"October";1998;16;44;10;"Q4";"1998-10";"1998-Q4"
1021;"1998-10-17";"Saturday";"October";1998;17;44;10;"Q4";"1998-10";"1998-Q4"
1022;"1998-10-18";"Sunday";"October";1998;18;45;10;"Q4";"1998-10";"1998-Q4"
1023;"1998-10-19";"Monday";"October";1998;19;45;10;"Q4";"1998-10";"1998-Q4"
1024;"1998-10-20";"Tuesday";"October";1998;20;45;10;"Q4";"1998-10";"1998-Q4"
1025;"1998-10-21";"Wednesday";"October";1998;21;45;10;"Q4";"1998-10";"1998-Q4"
1026;"1998-10-22";"Thursday";"October";1998;22;45;10;"Q4";"1998-10";"1998-Q4"
1027;"1998-10-23";"Friday";"October";1998;23;45;10;"Q4";"1998-10";"1998-Q4"
1028;"1998-10-24";"Saturday";"October";1998;24;45;10;"Q4";"1998-10";"1998-Q4"
1029;"1998-10-25";"Sunday";"October";1998;25;46;10;"Q4";"1998-10";"1998-Q4"
1030;"1998-10-26";"Monday";"October";1998;26;46;10;"Q4";"1998-10";"1998-Q4"
1031;"1998-10-27";"Tuesday";"October";1998;27;46;10;"Q4";"1998-10";"1998-Q4"
1032;"1998-10-28";"Wednesday";"October";1998;28;46;10;"Q4";"1998-10";"1998-Q4"
1033;"1998-10-29";"Thursday";"October";1998;29;46;10;"Q4";"1998-10";"1998-Q4"
1034;"1998-10-30";"Friday";"October";1998;30;46;10;"Q4";"1998-10";"1998-Q4"
1035;"1998-10-31";"Saturday";"October";1998;31;46;10;"Q4";"1998-10";"1998-Q4"
1036;"1998-11-01";"Sunday";"November";1998;1;47;11;"Q4";"1998-11";"1998-Q4"
1037;"1998-11-02";"Monday";"November";1998;2;47;11;"Q4";"1998-11";"1998-Q4"
1038;"1998-11-03";"Tuesday";"November";1998;3;47;11;"Q4";"1998-11";"1998-Q4"
1039;"1998-11-04";"Wednesday";"November";1998;4;47;11;"Q4";"1998-11";"1998-Q4"
1040;"1998-11-05";"Thursday";"November";1998;5;47;11;"Q4";"1998-11";"1998-Q4"
1041;"1998-11-06";"Friday";"November";1998;6;47;11;"Q4";"1998-11";"1998-Q4"
1042;"1998-11-07";"Saturday";"November";1998;7;47;11;"Q4";"1998-11";"1998-Q4"
1043;"1998-11-08";"Sunday";"November";1998;8;48;11;"Q4";"1998-11";"1998-Q4"
1044;"1998-11-09";"Monday";"November";1998;9;48;11;"Q4";"1998-11";"1998-Q4"
1045;"1998-11-10";"Tuesday";"November";1998;10;48;11;"Q4";"1998-11";"1998-Q4"
1046;"1998-11-11";"Wednesday";"November";1998;11;48;11;"Q4";"1998-11";"1998-Q4"
1047;"1998-11-12";"Thursday";"November";1998;12;48;11;"Q4";"1998-11";"1998-Q4"
1048;"1998-11-13";"Friday";"November";1998;13;48;11;"Q4";"1998-11";"1998-Q4"
1049;"1998-11-14";"Saturday";"November";1998;14;48;11;"Q4";"1998-11";"1998-Q4"
1050;"1998-11-15";"Sunday";"November";1998;15;49;11;"Q4";"1998-11";"1998-Q4"
1051;"1998-11-16";"Monday";"November";1998;16;49;11;"Q4";"1998-11";"1998-Q4"
1052;"1998-11-17";"Tuesday";"November";1998;17;49;11;"Q4";"1998-11";"1998-Q4"
1053;"1998-11-18";"Wednesday";"November";1998;18;49;11;"Q4";"1998-11";"1998-Q4"
1054;"1998-11-19";"Thursday";"November";1998;19;49;11;"Q4";"1998-11";"1998-Q4"
1055;"1998-11-20";"Friday";"November";1998;20;49;11;"Q4";"1998-11";"1998-Q4"
1056;"1998-11-21";"Saturday";"November";1998;21;49;11;"Q4";"1998-11";"1998-Q4"
1057;"1998-11-22";"Sunday";"November";1998;22;50;11;"Q4";"1998-11";"1998-Q4"
1058;"1998-11-23";"Monday";"November";1998;23;50;11;"Q4";"1998-11";"1998-Q4"
1059;"1998-11-24";"Tuesday";"November";1998;24;50;11;"Q4";"1998-11";"1998-Q4"
1060;"1998-11-25";"Wednesday";"November";1998;25;50;11;"Q4";"1998-11";"1998-Q4"
1061;"1998-11-26";"Thursday";"November";1998;26;50;11;"Q4";"1998-11";"1998-Q4"
1062;"1998-11-27";"Friday";"November";1998;27;50;11;"Q4";"1998-11";"1998-Q4"
1063;"1998-11-28";"Saturday";"November";1998;28;50;11;"Q4";"1998-11";"1998-Q4"
1064;"1998-11-29";"Sunday";"November";1998;29;51;11;"Q4";"1998-11";"1998-Q4"
1065;"1998-11-30";"Monday";"November";1998;30;51;11;"Q4";"1998-11";"1998-Q4"
1066;"1998-12-01";"Tuesday";"December";1998;1;51;12;"Q4";"1998-12";"1998-Q4"
1067;"1998-12-02";"Wednesday";"December";1998;2;51;12;"Q4";"1998-12";"1998-Q4"
1068;"1998-12-03";"Thursday";"December";1998;3;51;12;"Q4";"1998-12";"1998-Q4"
1069;"1998-12-04";"Friday";"December";1998;4;51;12;"Q4";"1998-12";"1998-Q4"
1070;"1998-12-05";"Saturday";"December";1998;5;51;12;"Q4";"1998-12";"1998-Q4"
1071;"1998-12-06";"Sunday";"December";1998;6;52;12;"Q4";"1998-12";"1998-Q4"
1072;"1998-12-07";"Monday";"December";1998;7;1;12;"Q4";"1998-12";"1998-Q4"
1073;"1998-12-08";"Tuesday";"December";1998;8;1;12;"Q4";"1998-12";"1998-Q4"
1074;"1998-12-09";"Wednesday";"December";1998;9;1;12;"Q4";"1998-12";"1998-Q4"
1075;"1998-12-10";"Thursday";"December";1998;10;1;12;"Q4";"1998-12";"1998-Q4"
1076;"1998-12-11";"Friday";"December";1998;11;1;12;"Q4";"1998-12";"1998-Q4"
1077;"1998-12-12";"Saturday";"December";1998;12;1;12;"Q4";"1998-12";"1998-Q4"
1078;"1998-12-13";"Sunday";"December";1998;13;2;12;"Q4";"1998-12";"1998-Q4"
1079;"1998-12-14";"Monday";"December";1998;14;2;12;"Q4";"1998-12";"1998-Q4"
1080;"1998-12-15";"Tuesday";"December";1998;15;2;12;"Q4";"1998-12";"1998-Q4"
1081;"1998-12-16";"Wednesday";"December";1998;16;2;12;"Q4";"1998-12";"1998-Q4"
1082;"1998-12-17";"Thursday";"December";1998;17;2;12;"Q4";"1998-12";"1998-Q4"
1083;"1998-12-18";"Friday";"December";1998;18;2;12;"Q4";"1998-12";"1998-Q4"
1084;"1998-12-19";"Saturday";"December";1998;19;2;12;"Q4";"1998-12";"1998-Q4"
1085;"1998-12-20";"Sunday";"December";1998;20;3;12;"Q4";"1998-12";"1998-Q4"
1086;"1998-12-21";"Monday";"December";1998;21;3;12;"Q4";"1998-12";"1998-Q4"
1087;"1998-12-22";"Tuesday";"December";1998;22;3;12;"Q4";"1998-12";"1998-Q4"
1088;"1998-12-23";"Wednesday";"December";1998;23;3;12;"Q4";"1998-12";"1998-Q4"
1089;"1998-12-24";"Thursday";"December";1998;24;3;12;"Q4";"1998-12";"1998-Q4"
1090;"1998-12-25";"Friday";"December";1998;25;3;12;"Q4";"1998-12";"1998-Q4"
1091;"1998-12-26";"Saturday";"December";1998;26;3;12;"Q4";"1998-12";"1998-Q4"
1092;"1998-12-27";"Sunday";"December";1998;27;4;12;"Q4";"1998-12";"1998-Q4"
1093;"1998-12-28";"Monday";"December";1998;28;4;12;"Q4";"1998-12";"1998-Q4"
1094;"1998-12-29";"Tuesday";"December";1998;29;4;12;"Q4";"1998-12";"1998-Q4"
1095;"1998-12-30";"Wednesday";"December";1998;30;4;12;"Q4";"1998-12";"1998-Q4"
1096;"1998-12-31";"Thursday";"December";1998;31;4;12;"Q4";"1998-12";"1998-Q4"
